"Id";"Designator";"Footprint";"Quantity";"Designation";"Supplier and ref";
1;"R20,R16,R18";"R_0805_2012Metric";3;"220";;;
2;"U9,U7,U5,U6";"SOT-23-5";4;"LM321";;;
3;"J2,J4,J1,J3";"PinHeader_1x05_P2.54mm_Vertical";4;"Conn_01x05_Pin";;;
4;"Q3,Q2,Q7,Q6,Q4,Q1,Q5";"SOT-23";7;"AO4300";;;
5;"D5,D3,D4,D2";"LED_0805_2012Metric";4;"LED";;;
6;"R12,R11,R5,R14";"R_0805_2012Metric";4;"90";;;
7;"U1";"Seeeduino XIAO-MOUDLE14P-2.54-21X17.8MM";1;"SeeeduinoXIAO";;;
8;"J5";"PinHeader_1x04_P2.54mm_Horizontal";1;"Conn_01x04_Pin";;;
9;"R10,R7,R8,R9";"R_0805_2012Metric";4;"5M";;;
10;"R4,R15,R17,R19,R1,R6,R13";"R_0805_2012Metric";7;"100k";;;
11;"D8,D9,D6,D7";"LED_0805_2012Metric";4;"D_Photo";;;
12;"H1,H3";"MountingHole_2.2mm_M2_Pad_Via";2;"MountingHole_Pad";;;
13;"H2,H4";"MountingHole_2.2mm_M2";2;"MountingHole";;;
